ID,OBJECTID,FACILITYID,ZONENAME,STATUS,CREATIONDA,OUTOFCONTR,LASTOFCDAT,SOURCEAVEN,SOURCESCAR,MAXELEV,MINELEV,LASTUPDATE,LASTEDITOR,GLOBALID,SHAPE_AREA,SHAPE_LEN
1,5129,SEA-1433,1,CON,,1,,ATA,ATA,310,188,25/08/2020,jsindustrial,{76B31CCE-9C7E-4EBE-B4E3-4BD8FAD0A6A4},1506771.776,11078.25658
2,5130,SEA-1434,2,CON,,2,,ATA,ATA,345,178,8/03/2021,jsindustrial,{E3972624-EF19-4304-83A0-8DA996C4EB5B},1793310.172,8026.568182
3,3811,SEA-1204,3,CON,,3,,ATA,ATA,198,172,25/05/2021,SEGAL,{CF637644-8867-4B00-99B7-F98BDBE888E7},2096124.648,6643.364638
4,3812,SEA-1205,4,CON,,4,,ATA,APOZ,275,179,26/10/2017,rcabreram,{CD86B41A-78E7-4566-92EB-65DC12A443AF},1070139.502,6240.793415
5,3813,SEA-1206,5,REC,,5,,ATA,APOZ,0,0,20/06/2017,rcabreram,{2EA1B4B3-5B12-4A57-83E2-9E3054F7FE34},837866.4503,4352.447126
6,3607,SEA-1000,6,CON,,6,,ATA,APOZ,284,161,22/03/2021,jsindustrial,{A9C17191-C549-4A96-A82C-1389B21B36E3},2285526.244,7182.486834
7,3608,SEA-1001,7,CON,,7,,ATA,ATA,190,165,22/03/2021,jsindustrial,{966927FA-2AC4-47C2-80C7-90FC08B9FC06},1652898.219,8021.407821
8,3609,SEA-1002,8,CON,,8,,ATA,ATA,168,148,22/03/2021,jsindustrial,{513B12F7-3E78-4DF1-A79E-5F8BCC2712E1},1573821.037,5477.267137
9,4483,SEA-1415,9,CON,,0,,DESC,DESC,161,126,8/03/2021,jsindustrial,{85925134-A11B-4923-AEAA-3CD8F4E1B6B5},1895604.359,6390.217348
10,4482,SEA-1414,10,CON,,0,,DESC,DESC,150,131,24/03/2021,jsindustrial,{9881643C-2388-4284-9B00-67764A8622C8},1339925.314,5532.631672
11,3612,SEA-1005,11,CON,,11,,ATA,ATA,169,153,22/03/2021,jsindustrial,{408E1714-2589-47CC-AA3A-CC8EA5D17972},943989.3544,4576.546811
12,3613,SEA-1006,12,CON,,12,,ATA,APOZ,163,137,22/03/2021,jsindustrial,{B59B6A3E-05CE-4F37-8784-D50B20029757},1632319.073,5471.937164
13,3614,SEA-1007,13,CON,,13,,ATA,ATA,149,128,24/03/2021,jsindustrial,{34E4A81E-02B1-4732-96A8-87EA78C47CFF},1383045.557,5385.026916
14,3615,SEA-1008,14,CON,,14,,ATA,APOZ,137,110,27/11/2018,oalcocerv,{70DDFF57-8A7D-4572-B8EB-8034619FEA8C},1213767.019,5158.469595
15,3616,SEA-1009,15,CON,,15,,ATA,APOZ,131,107,8/05/2020,ldavilal,{870926AB-D005-42BE-BCE6-2D42B60A86BD},1446878.087,5663.033394
16,3617,SEA-1010,16,CON,,16,,ATA,ATA,112,98,28/06/2021,AGAL,{E10CB2C8-401F-4650-B482-CA78B72DDD4D},535271.6327,3104.080801
17,3618,SEA-1011,17,CON,,17,,ATA,ATA,165,136,22/03/2021,jsindustrial,{A186A65F-FDF5-409E-A4BD-F24A0B5AE053},1676775.284,6240.585952
18,3619,SEA-1012,18,CON,,18,,ATA,APOZ,153,133,22/08/2018,apoyoecrf2,{AD31DF91-1E90-4EE5-AD7B-560B11B3275B},897347.6291,3951.33292
19,3620,SEA-1013,19,CON,,19,,ATA,ATA,138,126,22/03/2021,jsindustrial,{FC1F591D-3ACB-4A2F-898F-FA6D95681585},870196.2437,4971.060678
20,3814,SEA-1207,20,CON,,20,,ATA,APOZ,177,150,7/12/2021,ldavilal,{4525EB03-704A-4044-B975-D144FB6DCE74},1659500.164,6533.48475
21,3815,SEA-1208,21,REC,,21,,APOZ,APOZ,0,0,20/06/2017,rcabreram,{AF29F7CC-4A32-4758-ACD5-4C70DBAE2D58},672768.6448,3449.79727
22,3816,SEA-1209,22,REC,,22,,APOZ,APOZ,0,0,20/06/2017,rcabreram,{12A89C7C-A4C8-4F05-ADC6-EDE7E45E77CE},931166.3799,4714.735057
23,3817,SEA-1210,23,REC,,23,,ATA,APOZ,0,0,20/06/2017,rcabreram,{3C111CC1-AAB5-4ADC-8118-0D33746C741B},1342392.329,6041.411602
24,3818,SEA-1211,24,CON,,24,,ATA,APOZ,208,192,21/12/2018,JLUJANC,{E2184ED4-EE49-49B4-91D9-FB31BF43EEA4},1122513.861,5024.30593
25,3621,SEA-1014,25,CON,,25,,ATA,ATA,130,103,7/10/2021,ldavilal,{2281B4CE-CB74-48EC-813F-CCC119490F60},2360852.307,6979.272323
26,4809,SEA-1419,26,FCON,,26,,ATA,APOZ,108,77,7/04/2022,ldavilal,{23F81708-F45F-4953-8BFC-A244212EEA95},2084207.316,6430.359057
27,3623,SEA-1016,27,CON,,27,,ATA,APOZ,130,109,15/02/2021,jsindustrial,{C81C3F48-220B-4AF1-88EC-63964219DF43},1657863.813,5803.433568
28,5123,SEA-1427,28,CON,,28,,ATA,APOZ,112,82,15/02/2021,jsindustrial,{F2D59EE1-EDA7-40FD-8B62-7E8D227012A7},2082992.792,6549.300609
29,3625,SEA-1018,29,CON,,29,,ATA,APOZ,110,83,20/06/2021,AGAL,{73D8A4D6-9D99-4BFF-9B77-33C663817874},1870621.081,6589.229902
30,4806,SEA-1421,30,CON,,30,,APOZ,APOZ,90,61,20/06/2021,AGAL,{3CAEEE2C-4782-4E30-B528-FF5FC71D4325},3045135.838,9122.795766
31,4481,SEA-1413,31,CON,,0,,DESC,DESC,145,100,27/11/2018,oalcocerv,{24666B5C-D77C-4C66-8760-60682E308E42},2289108.119,6230.830722
32,3628,SEA-1021,32,CON,,32,,APOZ,APOZ,112,80,20/05/2019,jlujanc,{D9A92800-E845-4461-A072-D69696A6D7E6},2567053.634,6764.643313
33,3629,SEA-1022,33,CON,,33,,ATA,APOZ,88,63,15/02/2022,SEGAL,{CB92D3AE-A165-4C03-9CD8-F2B58ED9EBE0},1634083.786,6975.655734
34,3630,SEA-1023,34,CON,,34,,APOZ,APOZ,93,74,26/10/2020,jsindustrial,{12055315-82F7-4700-ACF4-2D8035B51A16},1764513.319,6869.96914
35,3631,SEA-1024,35,CON,,35,,,,138,118,22/03/2021,jsindustrial,{2C730DB4-446A-41FF-BF45-56D0AD8130A5},1432360.714,7475.930231
36,3632,SEA-1025,36,CON,,36,,ATA,APOZ,117,90,27/11/2018,oalcocerv,{10E71D7E-528F-4183-A6AC-F322E22B1EE8},1472254.163,5311.409602
37,3910,SEA-1303,37,CON,,37,,APOZ,APOZ,63,44,15/02/2022,SEGAL,{955F8E93-1545-4991-80CC-E7CF973AE648},719014.1464,3979.716351
38,3633,SEA-1026,38,CON,,38,,ATA,APOZ,126,104,15/02/2021,jsindustrial,{13AD342E-5EFB-4DF4-A6D0-791A36156460},1608840.819,6744.031382
39,3634,SEA-1027,39,CON,,39,,ATA,APOZ,112,89,15/02/2021,jsindustrial,{9663054E-B895-46F0-AD7A-5B710A000FD0},1244169.787,5353.092667
40,3635,SEA-1028,40,CON,,40,,ATA,APOZ,137.5,107,26/12/2018,oalcocerv,{20033444-14E9-43EE-846F-52DF659AECB8},1912490.071,6337.664447
41,3636,SEA-1029,41,CON,,41,,APOZ,APOZ,95,62,27/11/2018,oalcocerv,{DBF94FE4-0ECB-4575-A8CC-ED0246B082BF},1672609.253,6635.119624
42,3637,SEA-1030,42,CON,,42,,ATA,APOZ,108,88,28/06/2021,AGAL,{74B875F3-A66C-45B5-9D19-B80FC5BCF0C6},979794.0878,4220.050097
43,3638,SEA-1031,43,CON,,43,,ATA,ATA,77,67,26/10/2020,jsindustrial,{1CDDB35C-0A17-45A7-AD3A-D37B7F5C3B10},306085.534,2320.303511
44,4808,SEA-1416,44,CON,,44,,APOZ,APOZ,62,36,18/11/2021,SEGAL,{E6C4B398-95BF-4BCF-9EA5-6B8C327F3883},2344052.51,8267.167595
45,4804,SEA-1417,45,CON,,45,,APOZ,APOZ,50,27,16/11/2021,SEGAL,{8F9BFA66-44AA-4724-A34A-9A09D07AC3D7},2081472.017,6915.661384
46,4802,SEA-1420,46,CON,,46,,APOZ,APOZ,72,36,16/11/2021,SEGAL,{3CE42C78-EEF3-418E-8079-908C73DCC92C},3444300.002,8750.80758
47,4803,SEA-1423,47,CON,,47,,ATA,ATA,77,46,14/02/2020,jsindustrial,{476004E1-4673-401D-A160-2AEE27963BCC},1480654.761,5268.263446
48,5121,SEA-1425,48,CON,,48,,ATA,ATA,81,36,25/08/2020,jsindustrial,{474E21B8-7E7F-48A9-B815-74DFA617CA77},2308187.264,6157.213606
49,5122,SEA-1426,49,CON,,49,,ATA,ATA,87,41,25/08/2020,jsindustrial,{00F9DDC4-1889-4A88-A578-5E516A847CA9},1513294.402,6524.11506
50,5128,SEA-1432,50,CON,,50,,ATA,APOZ,88,65,15/02/2021,jsindustrial,{00EE83F1-38A8-4F18-BC23-26527E7CD7CC},1919152.27,6822.211438
51,5124,SEA-1428,51,CON,,51,,,,110,84,15/02/2021,jsindustrial,{731D99A5-7C87-4CC2-B02D-F8FACA6F266A},1730132.412,6142.083291
52,5125,SEA-1429,52,CON,,52,,ATA,APOZ,128,102,15/02/2021,jsindustrial,{35FA8C45-3141-42FD-931A-4CBB36B8C44B},1035636.277,4401.908187
53,3647,SEA-1040,53,CON,,53,,ATA,APOZ,142.5,119,21/12/2021,SEGAL,{74E48B1E-74CE-4262-BC17-E0ADE0A3F7A7},1958895.231,7579.390541
54,5127,SEA-1431,54,CON,,54,,ATA,ATA,86,62,15/02/2021,jsindustrial,{B771C3D9-27BE-4ED7-9653-7DAD1E58B1E1},2022799.719,7008.069893
55,5126,SEA-1430,55,CON,,55,,ATA,APOZ,108,80,7/04/2022,ldavilal,{EC62994D-8080-421F-80F8-A5DCDAE9BCA8},1599478.828,6043.905409
56,3650,SEA-1043,56,CON,,56,,ATA,ATA,89,12.5,15/02/2021,jsindustrial,{00F98730-EEAF-469A-B37C-27B17AEE4B6A},1972731.31,6899.16666
57,3651,SEA-1044,57,CON,,57,,ATA,ATA,94,77.5,15/02/2021,jsindustrial,{2C4902BC-38F4-4F09-85D2-441903DF10B2},873690.9111,4627.920787
58,3652,SEA-1045,58,CON,,58,,ATA,APOZ,118,92,20/12/2018,practicanteecrf5,{DB78F503-3386-4726-AA56-5D348F2BD779},1818578.308,6321.990453
59,3653,SEA-1046,59,HER,,59,,APOZ,APOZ,99,72,14/10/2021,SEGAL,{96933371-2600-4002-8E72-6E715208B37F},2890744.788,8018.980412
60,3654,SEA-1047,60,CON,,60,,ATA,APOZ,104,87.5,29/10/2021,SEGAL,{A962445C-51EF-406C-A47B-364BDB7C59C8},1507455.202,6118.691337
61,3655,SEA-1048,61,CON,,61,,ATA,APOZ,116,92,18/03/2019,jlujanc,{7F30005A-6243-4992-91A7-86A6510E1633},1051836.78,4842.78321
62,3656,SEA-1049,62,CON,,62,,ATA,APOZ,110,90,7/12/2021,ldavilal,{1926EB12-BFC3-4070-82BF-C056D13A6E60},1376366.71,4872.75393
63,6402,SEA-1450,63,CON,,0,,DESC,DESC,129,105,20/12/2021,SEGAL,{7D4D8004-A1A3-43E6-93E1-17B7BFB8D798},1633716.213,5885.646864
64,3658,SEA-1051,64,CON,,64,,ATA,APOZ,122.5,107,23/01/2019,practicanteecrf,{03C9BD0F-6B7A-4FCC-93EF-B22596986D7F},722845.7883,3529.20809
65,6403,SEA-1451,65,CON,,0,,DESC,DESC,139,122,20/12/2021,SEGAL,{B92E1082-BB5E-4AE7-AE7D-4F9D5FD76B29},700466.2628,3766.301316
66,6401,SEA-1449,66,CON,,0,,DESC,DESC,156,123,20/12/2021,SEGAL,{A5613F64-358F-4822-BF71-4416C879E1DB},2110480.839,6528.555352
67,3661,SEA-1054,67,CON,,67,,ATA,APOZ,147,125,21/12/2021,SEGAL,{29A7D092-9ADB-400F-B091-4810E78EFF36},1239288.529,5150.469991
68,3662,SEA-1055,68,CON,,68,,ATA,APOZ,157.5,137,21/12/2021,SEGAL,{7F07534B-198F-404E-ADA7-D0F84880F38E},1491403.217,5124.828639
69,3663,SEA-1056,69,CON,,69,,ATA,APOZ,170,148,14/12/2021,SEGAL,{731808AE-A169-4282-B7CE-07E822B6725B},1123674.627,4555.157619
70,3664,SEA-1057,70,CON,,70,,ATA,APOZ,156,134,13/12/2021,SEGAL,{A7E218D7-83ED-42CB-8409-1FC109B14311},1013315.581,4050.164795
71,3665,SEA-1058,71,CON,,71,,ATA,APOZ,188,166,7/04/2022,ldavilal,{E9F3381D-7655-431D-B9E5-A0D7C0486FA5},1885941.228,6899.230518
72,3666,SEA-1059,72,CON,,72,,ATA,APOZ,165.5,141,20/12/2021,SEGAL,{BA4D1426-CE36-4D5F-BBFB-7BE56BD59C5C},1004350.337,5303.254076
73,3667,SEA-1060,73,CON,,73,,ATA,ATA,170,145,20/12/2021,SEGAL,{74DC2685-F8F5-4605-8FE6-F1FD7C3FF7CD},726501.2464,4198.149915
74,3668,SEA-1061,74,CON,,74,,ATA,APOZ,77.5,0,26/10/2017,rcabreram,{DA4BDE09-ACFF-4359-9163-FCCC56EA7AA3},2869969.125,8454.442001
75,3669,SEA-1062,75,REC,,75,,APOZ,APOZ,0,0,25/07/2017,rcabreram,{36195708-6903-4A0A-86DB-9EB468E0476F},2849600.93,9747.369399
76,3670,SEA-1063,76,HER,,76,,ATA,APOZ,0,0,8/02/2022,dmazat,{7B61F823-A5D7-4715-9D7F-039C74856459},1409298.34,6204.139564
77,3819,SEA-1212,77,REC,,77,,ATA,ATA,0,0,20/06/2017,rcabreram,{28362FD1-3383-4776-9E59-12E85EF55FB2},1838901.55,9591.436939
78,5132,SEA-1436,78,CON,,78,,APOZ,APOZ,270,188,25/08/2020,jsindustrial,{D2364646-C421-419F-9E7C-98A46AFFDFC1},1681973.012,6553.739638
79,3790,SEA-1183,79,CON,,79,,APOZ,APOZ,104,88,8/03/2022,SEGAL,{57E16148-5CCD-40E5-950A-B923D5BCC254},1228236.701,4721.881843
80,3789,SEA-1182,80,CON,,80,,APOZ,APOZ,125,40,18/03/2022,SEGAL,{8EB0B458-25CC-4B12-A2FF-1B180E1101EB},6096817.862,15529.26995
81,3798,SEA-1191,81,CON,,81,,ATA,APOZ,100,45,18/03/2022,SEGAL,{C034EF26-611D-4615-8CD3-13CD238A2FEB},3468310.96,8926.8173
82,3803,SEA-1196,82,CON,,82,,ATA,APOZ,92,59,13/04/2022,SEGAL,{913EBD45-96BC-4FF0-BA13-CB1FF444A5B5},2679244.055,8730.530134
83,3801,SEA-1194,83,CON,,83,,ATA,APOZ,84,52,15/04/2022,SEGAL,{0C7FD0AB-79F0-4FB8-A239-037673BA9477},2648172.74,7995.888829
84,3771,SEA-1164,84,CON,,84,,APOZ,APOZ,95,52,18/04/2022,SEGAL,{9B14B2D4-B532-4209-86F9-C764F6E85208},3889309.309,10956.50753
85,3772,SEA-1165,85,FCON,,85,,APOZ,APOZ,101,80,15/04/2022,SEGAL,{D11550C8-4C8E-4AF5-9903-A9ED865553A2},2904186.166,7845.734961
86,3769,SEA-1162,86,CON,,86,,APOZ,APOZ,109,61,15/04/2022,SEGAL,{E8991B65-8D7F-43D8-BD25-210822B2F841},2970790.301,11823.20314
87,3523,SEA-916,87,EPRO,,87,,ATA,ATA,0,0,4/09/2021,SEGAL,{702D1AC5-0E7A-4984-A5C5-9C8FE3DB36DB},1359142.555,6270.530929
88,3524,SEA-917,88,EPRO,,88,,ATA,ATA,0,0,20/06/2017,rcabreram,{6A2D192A-BBEA-4951-87E9-E4465D56C5B1},2421911.125,7524.533576
89,3525,SEA-918,89,EPRO,,89,,ATA,ATA,0,0,20/06/2017,rcabreram,{8460C02D-0248-4A23-BF33-D4EFD4EE066E},1243929.004,5708.618873
90,3671,SEA-1064,90,CON,,90,,ATA,APOZ,55,40,9/09/2019,jlujanc,{50E5D71F-BE92-48A7-A79E-3C9FCD76F69F},2628487.374,7851.420902
91,3672,SEA-1065,91,EPRO,,91,,ATA,ATA,0,0,20/06/2017,rcabreram,{90B0E938-3E4D-4CD4-8A71-45F21FDAEAD1},2276077.028,10282.38743
92,3673,SEA-1066,92,CON,,92,,ATA,ATA,65,5,26/10/2017,rcabreram,{05A4BDFF-1FFE-4B60-A2CA-465A1BFBC1A6},1723699.329,6510.595843
93,3674,SEA-1067,93,EPRO,,93,,ATA,ATA,0,0,20/06/2017,rcabreram,{7C050E0A-1091-4A53-9A53-D06044B97E94},3375693.868,7904.298447
94,3675,SEA-1068,94,CON,,94,,ATA,APOZ,8,0,26/10/2017,rcabreram,{F8453708-ABAC-4280-ACB0-8CE49BAC47A4},4823738.439,9607.895867
95,3676,SEA-1069,95,CON,,95,,ATA,APOZ,14,0,26/10/2017,rcabreram,{FD7BDAFD-8FBB-4E70-8EB0-731353D12746},2041090.07,7084.957614
96,3677,SEA-1070,96,CON,,96,,,,30,2,7/07/2021,ldavilal,{16FA15F6-B722-4994-BE0F-21FE116F7B13},3066461.667,10653.88559
97,3678,SEA-1071,97,EPRO,,97,,APOZ,ATA,0,0,20/06/2017,rcabreram,{F3E78586-205C-4ECB-B8B3-E979BA7F70A6},2692639.494,11461.6517
98,3679,SEA-1072,98,CON,,98,,ATA,APOZ,48,40,20/11/2019,jsindustrial,{B4DA5433-D2C0-44E4-B123-9E35E2BF579C},1992565.942,7381.039721
99,3680,SEA-1073,99,REC,,99,,ATA,ATA,0,0,25/07/2017,rcabreram,{8A69FD72-9AE9-4857-8422-BEE4E0DBC2F5},2793478.475,8176.275044
100,3958,SEA-1351,100,CON,,100,,APOZ,APOZ,72,48,26/10/2020,jsindustrial,{2B376019-A61C-48E7-B621-6E76BDFE0259},1776760.574,7956.716676
101,3956,SEA-1349,101,CON,,101,,APOZ,APOZ,56,47,27/11/2020,jsindustrial,{4D5B50D0-3C2B-4B35-866E-4F1D774DA856},691555.6706,3701.145395
102,3892,SEA-1285,102,CON,,102,,APOZ,APOZ,50,30,15/12/2020,jsindustrial,{37D1D5AE-CF8E-43C3-BA02-DCA9FE1725F8},1913091.175,6071.229727
103,3957,SEA-1350,103,CON,,103,,APOZ,APOZ,46,33,27/11/2020,jsindustrial,{3ECB4B0D-C7F5-43A5-8CBC-A4DF246AD49A},1245377.933,5662.821268
104,3893,SEA-1286,104,CON,,104,,APOZ,APOZ,34,20,14/12/2020,jsindustrial,{7F088F90-2B37-40E4-9DC4-289BA9B08F24},912748.5479,4367.63161
105,3962,SEA-1355,105,CON,,105,,APOZ,APOZ,37,17,16/11/2021,SEGAL,{960E3DD7-C296-4B73-AAF0-9268DE12BDA1},3391890.033,8692.531153
106,3902,SEA-1295,106,CON,,106,,APOZ,APOZ,26,9,14/12/2020,jsindustrial,{2530141A-1434-49E8-998F-9AF28827437A},2148236.244,7157.490291
107,3963,SEA-1356,107,IMP,,107,,APOZ,APOZ,25,5,14/12/2020,jsindustrial,{AC4B6248-EEB4-4D89-876D-F6ED32B4B925},2173984.631,6296.473589
108,3903,SEA-1296,108,IMP,,108,,APOZ,APOZ,10,1,14/12/2020,jsindustrial,{3A8883ED-B3C1-492C-894E-AF34FA613AE1},3438597.516,9698.119454
109,3904,SEA-1297,109,IMP,,109,,,,9,0,26/10/2017,rcabreram,{CFB68792-47B8-4B77-A9F0-A403E7F9CF33},2528528.312,10973.32202
110,3894,SEA-1287,110,CON,,110,,APOZ,APOZ,37.5,13,14/12/2020,jsindustrial,{A7DB297A-EA19-4C28-B938-F0D3C9A100E3},1310815.922,5612.134307
111,3895,SEA-1288,111,CON,,111,,APOZ,APOZ,50,30,26/10/2017,rcabreram,{2D4342BF-483A-4794-A262-7C42CA13F949},1084320.745,6384.601239
112,3896,SEA-1289,112,IMP,,112,,APOZ,APOZ,52,32,14/12/2020,jsindustrial,{B0798E11-F294-424D-90A8-42CAC15C4990},1055595.939,5586.063216
113,3955,SEA-1348,113,CON,,113,,APOZ,APOZ,51,35,14/12/2020,jsindustrial,{E29D32EF-6F0E-40B6-BBA2-89C599B8C364},1079665.351,4743.789792
114,3951,SEA-1344,114,CON,,114,,APOZ,APOZ,33,18,14/12/2020,jsindustrial,{AA678C53-D4DB-42E6-B379-376E801FDD47},2005488.259,7045.869776
115,3897,SEA-1290,115,CON,,115,,APOZ,APOZ,37.5,28,14/12/2020,jsindustrial,{7518EA13-9B9B-438E-B427-E02E3F95BE13},543084.4957,3179.799409
116,3911,SEA-1304,116,CON,,116,,ATA,APOZ,43,21,14/03/2022,SEGAL,{7CA8C626-DF6B-4461-BAA6-30E509B3049C},1800937.834,8131.004396
117,3901,SEA-1294,117,EPRO,,117,,DESC,DESC,0,0,14/12/2020,jsindustrial,{2322E475-BC92-4678-B1A7-ADEAFDB7B9B2},1822841.272,7355.768732
118,3898,SEA-1291,118,EPRO,,118,,POZ,POZ,0,0,20/06/2017,rcabreram,{2CFCFF20-E936-4988-9EE9-62153BDA2FAA},1716464.322,5882.044741
119,3899,SEA-1292,119,EPRO,,119,,ATA,ATA,0,0,20/06/2017,rcabreram,{A1EA5678-0C1D-40D3-BAD9-1531CF966360},11479112.43,16189.32691
120,3900,SEA-1293,120,HER,,120,,POZ,POZ,8,3,26/10/2017,rcabreram,{73078521-6343-4314-8751-52298E78B464},1351675.961,7072.938196
121,3952,SEA-1345,121,IMP,,121,,ATA,APOZ,32.5,4,15/02/2022,SEGAL,{16A9AFFB-9469-4F91-8B50-FFC47659346F},3556282.024,9666.927085
122,3681,SEA-1074,122,EPRO,,122,,APOZ,DESC,0,0,20/06/2017,rcabreram,{C566D07F-A4AC-456C-B73D-6DBC46D4AAC9},3799819.048,9710.100605
123,3526,SEA-919,123,EPRO,,123,,ATA,APOZ,0,0,5/02/2022,dmazat,{6DDC0BD8-C990-4828-8830-D4BBACEAE491},3306530.021,7624.842749
124,3682,SEA-1075,124,EPRO,,124,,ATA,APOZ,0,0,8/02/2022,dmazat,{16FC7FC2-077E-4BF9-AB70-03D50055A95A},1542126.633,8124.18156
125,3683,SEA-1076,125,EPRO,,125,,APOZ,APOZ,0,0,29/10/2021,SEGAL,{828C4E59-852A-4917-8762-311782AB202E},1981343.356,7346.964542
126,3684,SEA-1077,126,ECON,,126,,POZ,POZ,0,0,17/01/2020,jsindustrial,{5BE1D8A6-AF5F-43F7-9308-1A227C9EA251},3146348.933,8049.925295
127,3821,SEA-1214,127,ECON,,127,,POZ,POZ,0,0,20/06/2017,rcabreram,{63C85641-EDF6-4A12-8AB7-5C1C8923793D},3700177.695,8785.772848
128,3685,SEA-1078,128,CON,,128,,POZ,POZ,400,302,17/01/2020,jsindustrial,{159A3429-5C32-437A-A5C9-A331D0BC83FD},1940806.843,11323.08765
129,3822,SEA-1215,129,ECON,,129,,POZ,POZ,0,0,17/01/2020,jsindustrial,{2693C1D9-1E5D-4AAC-B4DA-BA00CA9E6C66},2840501.672,9351.120188
130,3823,SEA-1216,130,EPRO,,130,,DESC,DESC,0,0,20/06/2017,rcabreram,{0EC05CE8-CE41-4D2B-8C3A-73EACAC68993},3874026.588,10913.06845
131,3824,SEA-1217,131,EPRO,,131,,DESC,DESC,0,0,20/06/2017,rcabreram,{5FD4675A-7404-4D7E-B867-6ECE9B494A1B},4544054.571,19299.4016
132,3825,SEA-1218,132,EPRO,,132,,DESC,DESC,0,0,20/06/2017,rcabreram,{0F281D68-F486-4E9D-B3FD-5694FDBA11C8},2627401.524,10137.00867
133,3826,SEA-1219,133,EPRO,,133,,,,0,0,20/06/2017,rcabreram,{3623BBDE-A754-4600-810D-5BE7B652A628},3768962.246,12812.28966
134,3827,SEA-1220,134,ECON,,134,,POZ,POZ,0,0,20/06/2017,rcabreram,{DFA88584-A2C1-4B76-8F0E-2B1DF25CADE8},4192259.901,11193.93493
135,3828,SEA-1221,135,EPRO,,135,,DESC,DESC,0,0,20/06/2017,rcabreram,{C00105D7-3EE2-47A3-84B2-5D2C8433BB4B},4049970.954,11457.4507
136,3829,SEA-1222,136,EPRO,,136,,POZ,POZ,0,0,20/06/2017,rcabreram,{F029EA5A-5E1A-4AA8-AF27-E83870416345},3120672.446,10566.14152
137,3830,SEA-1223,137,EPRO,,137,,,,0,0,20/06/2017,rcabreram,{CC5B0FA3-D852-4BD4-9EFB-598963585285},4635681.651,14151.83645
138,3831,SEA-1224,138,ECON,,138,,POZ,POZ,0,0,20/06/2017,rcabreram,{82152A7F-B1C8-464F-9F5A-6407D6B03B88},3642709.029,17166.67736
139,3832,SEA-1225,139,ECON,,139,,POZ,POZ,0,0,20/06/2017,rcabreram,{243A862A-ADB8-4AB3-A2FE-90C54D26A1EF},5119102.617,15407.82625
140,3833,SEA-1226,140,ECON,,140,,POZ,POZ,0,0,20/06/2017,rcabreram,{2B2DADD5-D03E-43E6-BFD5-5E46A34602A8},1733982.745,8789.734055
141,3834,SEA-1227,141,EPRO,,141,,,,0,0,20/06/2017,rcabreram,{BA52D959-A49B-499D-88B2-359DA0B17406},2292048.924,10315.90972
142,3835,SEA-1228,142,EPRO,,142,,DESC,DESC,0,0,20/06/2017,rcabreram,{AED5A051-B752-4C7C-81D7-1C3FF35F9BCE},2588037.687,9396.62664
143,3836,SEA-1229,143,EPRO,,143,,,,0,0,20/06/2017,rcabreram,{FF9897A2-C37D-464F-8904-FCF964E6D083},2115571.138,10563.60571
144,3837,SEA-1230,144,EPRO,,144,,DESC,DESC,0,0,20/06/2017,rcabreram,{CB0F8BB3-8BD9-4FC9-A8E8-919FD8756175},2088397.882,15090.82326
145,3838,SEA-1231,145,EPRO,,145,,,,0,0,20/06/2017,rcabreram,{836A59E1-44C6-4DD3-AEB9-71E460CD2221},2332182.009,12270.13636
146,3839,SEA-1232,146,EPRO,,146,,,,0,0,20/06/2017,rcabreram,{7EF343E7-E365-404B-AB32-5DF9F605B062},4219822.147,17315.53475
147,3720,SEA-1113,147,HER,,0,,,,74,73.5,26/10/2020,jsindustrial,{673DBF1A-C16C-4ED7-B37C-0CCC52FF507F},35169.45558,759.1547366
148,4807,SEA-1418,148,HER,,0,,,,44,43.5,14/02/2020,jsindustrial,{48F94140-2E23-4898-BC97-2847AE0E17EF},40339.3297,1022.59766
149,3840,SEA-1233,150,CON,,150,,POZ,POZ,0,0,29/10/2020,jsindustrial,{8491E082-D183-4966-9C25-0D68ECDA8225},663847.815,6539.446507
150,3841,SEA-1234,151,CON,,151,,POZ,POZ,0,0,25/05/2021,SEGAL,{6A0879EE-09F4-4494-876E-6812ED8A1366},1342430.479,9171.815111
151,3842,SEA-1235,152,HER,,152,,POZ,POZ,0,0,29/10/2020,jsindustrial,{913612CF-AD9F-4192-A65C-FE158C1A9799},2144030.009,15065.63326
152,3843,SEA-1236,153,CON,,153,,POZ,POZ,0,0,25/05/2021,SEGAL,{D99611D3-C941-4394-8407-7E130E62BBE3},1393177.252,9704.570097
153,3889,SEA-1282,154,CON,,154,,POZ,POZ,586,538,21/11/2019,jsindustrial,{99E957EE-E9B1-4ABE-B35A-C7CA649CEE37},660913.4796,4350.171589
154,3890,SEA-1283,155,CON,,155,,POZ,POZ,712,630,25/05/2021,SEGAL,{8B3357E6-BE80-469E-9BAE-0DF9A1E769BD},387433.6281,3569.381338
155,3844,SEA-1237,156,REC,,156,,,,0,0,21/05/2021,SEGAL,{2FA045DA-6E3D-4C42-BDA6-93C5166BAC4C},1268507.316,12498.53632
156,3845,SEA-1238,157,EPRO,,157,,,,0,0,21/05/2021,SEGAL,{D8B7EF77-F521-4928-B422-739BB60C83DE},2032816.645,19213.80669
157,3891,SEA-1284,158,HER,,158,,POZ,POZ,540,427,26/10/2017,rcabreram,{307212D4-2327-40BE-A801-9A13E7882B2A},932027.7745,6902.022055
158,3846,SEA-1239,159,REC,,159,,POZ,POZ,0,0,20/06/2017,rcabreram,{A4F6A06F-15E2-4496-933A-A6CC6992034D},941270.7015,4759.899067
159,3847,SEA-1240,160,REC,,160,,POZ,POZ,0,0,25/09/2018,lverar,{E55BC73B-DCF2-4470-B7A6-757C12AE6574},829348.2838,3763.008214
160,3848,SEA-1241,161,REC,,161,,POZ,POZ,0,0,25/09/2018,lverar,{A0E80418-2D95-4A93-8FAF-6D709D80C215},1705078.555,8114.914419
161,3849,SEA-1242,162,HER,,162,,POZ,POZ,407,370,25/09/2018,lverar,{20EC0DB7-E8EA-4F45-8270-2722E55DDEF2},1796145.447,7017.820788
162,3850,SEA-1243,163,REC,,163,,POZ,POZ,0,0,25/09/2018,lverar,{4378210E-E26B-477F-8D20-6D57029EA5EA},897931.3336,5903.535111
163,3851,SEA-1244,164,REC,,164,,POZ,POZ,0,0,12/07/2020,jsindustrial,{15A301FF-1F72-49D7-AF4E-D057A3475080},415028.1364,3506.057887
164,3852,SEA-1245,165,CON,,165,,POZ,POZ,337,275,12/07/2020,jsindustrial,{259F6E63-85E3-41A1-B437-0057B27539BB},1671872.21,8589.534841
165,3853,SEA-1246,166,REC,,166,,APOZ,APOZ,0,0,12/07/2020,jsindustrial,{D9354F67-2E1B-4730-8D29-265DE2AAAAC6},1180474.184,5122.533774
166,3854,SEA-1247,167,EPRO,,167,,APOZ,APOZ,0,0,17/07/2020,jsindustrial,{85CF3B47-A352-44ED-A9B6-17FEF82B6DA1},1575317.592,6064.520049
167,3888,SEA-1281,168,CON,,168,,APOZ,APOZ,297,265,17/07/2020,jsindustrial,{210E3D6E-7BE0-403F-8581-E030D7AD1078},1383148.551,5894.454131
168,3855,SEA-1248,169,EPRO,,169,,POZ,POZ,0,0,25/05/2021,SEGAL,{F313456B-9CBB-46C1-92BF-0FE6DB61647B},4295817.54,19035.27511
169,3856,SEA-1249,170,ECON,,170,,APOZ,APOZ,0,0,12/07/2020,jsindustrial,{02D3ADA8-E291-46DB-BD2B-7A476249E501},4893564.975,17017.75822
170,3857,SEA-1250,171,EPRO,,171,,APOZ,APOZ,0,0,20/06/2017,rcabreram,{83B93018-22F3-4314-A480-4DDD0BEAC655},2232333.146,6943.630193
171,3858,SEA-1251,172,EPRO,,172,,APOZ,APOZ,0,0,12/07/2020,jsindustrial,{911C22B0-E2DF-43FD-BC7C-25EF4D84C68F},3238524.297,9972.935328
172,3859,SEA-1252,173,EPRO,,173,,POZ,POZ,0,0,12/07/2020,jsindustrial,{B24981B1-9DDB-46A3-AB24-56973414F161},2262177.781,6255.696147
173,3860,SEA-1253,174,EPRO,,174,,POZ,POZ,0,0,20/06/2017,rcabreram,{0D7FA864-8D03-4FF0-B7E2-424823F1328E},2157763.867,11883.82769
174,3861,SEA-1254,175,EPRO,,175,,POZ,POZ,0,0,25/09/2018,lverar,{A5D5C15B-C8A7-4955-90CB-A5C51A59F1F8},2778561.225,12773.77247
175,3862,SEA-1255,176,REC,,176,,POZ,POZ,0,0,25/09/2018,lverar,{84FD3738-4C61-4E2F-BE7B-C301C27C896A},3059221.445,12569.90418
176,3863,SEA-1256,177,EPRO,,177,,POZ,POZ,0,0,20/06/2017,rcabreram,{A3C64793-0D9C-4126-9097-0A0034C980F7},3861786.525,15082.3941
177,3864,SEA-1257,178,EPRO,,178,,,,0,0,20/06/2017,rcabreram,{D763412B-8725-4D95-AE77-EE17563FECAB},2996578.946,11376.55515
178,3865,SEA-1258,179,EPRO,,179,,APOZ,APOZ,0,0,20/06/2017,rcabreram,{818BE092-8969-4780-AF9F-7B5C3177EA38},1096772.702,4253.178965
179,3866,SEA-1259,180,EPRO,,180,,APOZ,APOZ,0,0,12/07/2020,jsindustrial,{80681B67-4D9D-4F6F-BDEC-49F8B36E9983},1995296.007,5802.934833
180,3867,SEA-1260,181,EPRO,,181,,APOZ,APOZ,0,0,20/06/2017,rcabreram,{5F16884D-BDD8-49B4-A194-665C9C36DF71},2025469.043,8016.103175
181,3868,SEA-1261,182,EPRO,,182,,POZ,POZ,0,0,20/06/2017,rcabreram,{A3A70558-2757-4C11-8299-C9AF659B3E86},5533827.356,15769.05616
182,3869,SEA-1262,191,EPRO,,191,,APOZ,APOZ,0,0,20/06/2017,rcabreram,{A858451B-204E-4530-9047-8D4B50A8D841},4333936.4,10661.2078
183,3870,SEA-1263,192,EPRO,,192,,APOZ,APOZ,0,0,20/06/2017,rcabreram,{4B0C4BBF-44BD-47E2-B7D5-427361F9A1AB},3069081.036,11746.10669
184,3871,SEA-1264,193,EPRO,,193,,APOZ,APOZ,0,0,20/06/2017,rcabreram,{EE56ABB2-062B-41D0-B8E2-D57F4BE16524},1749166.001,6517.489512
185,3872,SEA-1265,194,EPRO,,194,,APOZ,APOZ,0,0,20/06/2017,rcabreram,{65808D79-8745-4BBF-871A-83C6610FD597},2558489.835,8630.499895
186,3873,SEA-1266,195,EPRO,,195,,APOZ,APOZ,0,0,20/06/2017,rcabreram,{0C3BBE39-47E1-49DC-AF4F-0652E625943B},2969794.816,11925.04415
187,3874,SEA-1267,196,EPRO,,196,,,,0,0,20/06/2017,rcabreram,{8748E630-A8FF-49A8-871B-A28687CD0706},13878329.85,35031.1327
188,3875,SEA-1268,197,EPRO,,197,,APOZ,APOZ,0,0,25/06/2020,jsindustrial,{54F8DE0B-002C-4233-9C7A-DD118500F19F},5230576.849,11978.26064
189,3876,SEA-1269,198,EPRO,,198,,APOZ,APOZ,0,0,20/06/2017,rcabreram,{C3588ACE-C3B5-4572-B15E-46204E101B77},3641934.633,12432.72549
190,3877,SEA-1270,199,EPRO,,199,,APOZ,APOZ,0,0,20/06/2017,rcabreram,{6F946E62-BB57-4B56-9AD9-FD16034C2B7F},3690104.296,8571.826391
191,3783,SEA-1176,200,CON,,200,,ATA,ATA,280,142,18/06/2020,jsindustrial,{A2E6643B-1640-4BC6-B122-E16D31A4E2B9},1717943.51,6550.719612
192,3782,SEA-1175,201,CON,,201,,ATA,APOZ,148,118,8/01/2021,ldavilal,{8C84D64A-BC8B-4D72-A213-BD1FD8A0B3FF},3598012.492,9590.418965
193,3784,SEA-1177,202,CON,,202,,ATA,ATA,170,130,18/06/2020,jsindustrial,{7292D649-1019-407E-8FF3-F8AD02601DA7},1311242.951,5381.24277
194,3785,SEA-1178,203,EPRO,,203,,ATA,ATA,0,0,18/06/2020,jsindustrial,{48089910-E576-4920-B37C-6849FC64E830},2447943.658,11294.50028
195,3786,SEA-1179,204,CON,,204,,ATA,APOZ,122,101,8/03/2022,SEGAL,{BDA591AC-19B9-4DF0-B90A-0C7672C3129C},2015407.24,7064.144843
196,3779,SEA-1172,205,CON,,205,,APOZ,APOZ,126,89,23/08/2018,lbernedoc,{D8C56142-16DF-404C-87DB-2B85F58F99D7},854830.5436,6267.628211
197,3791,SEA-1184,206,CON,,206,,ATA,ATA,207,88,26/10/2017,rcabreram,{E579F55D-9814-4103-920D-2CB6F1385E95},1896408.339,7547.257828
198,3781,SEA-1174,207,CON,,207,,APOZ,APOZ,103,70,28/10/2019,jsindustrial,{FF95B6E8-2B1C-4624-A747-0CA94BF0986B},1726006.73,6211.039415
199,3780,SEA-1173,208,CON,,208,,APOZ,APOZ,72.5,49,5/07/2018,osucasacar,{39D81D50-F0DC-49C5-A119-7BB760BAC1E5},1455681.08,5268.054378
200,3787,SEA-1180,209,CON,,209,,APOZ,APOZ,74,50,14/12/2020,jsindustrial,{D27A3D8E-2FCA-4819-B46E-A79BDC1CB24F},1083372.224,4672.88289
201,3788,SEA-1181,210,CON,,210,,APOZ,APOZ,74,47,14/12/2020,jsindustrial,{36B8C2BF-CFEE-495D-B8E5-60EE75792048},1405977.048,5198.936868
202,3792,SEA-1185,211,CON,,211,,ATA,APOZ,45,22.5,26/10/2017,jsindustrial,{DCFCDDA1-9839-41BF-B40B-D5D796CDC148},3302852.89,8074.794042
203,3793,SEA-1186,212,CON,,212,,APOZ,APOZ,55,27,15/04/2022,SEGAL,{52172FD6-9961-4A15-909B-4B66B758F9B4},3443197.222,7982.876486
204,3795,SEA-1188,213,CON,,213,,APOZ,APOZ,98,51,18/04/2022,SEGAL,{9AD658C4-168D-4562-BA1A-B3D4368691FC},1926107.255,6296.982927
205,3942,SEA-1335,214,ECON,,214,,CHI,POZ,0,0,20/06/2017,rcabreram,{B9BA97ED-9833-4EFC-B141-955217E07442},11790737.08,20317.54352
206,3943,SEA-1336,215,ECON,,215,,CHI,POZ,0,0,20/06/2017,rcabreram,{E2B39B47-0677-4B08-B79F-8241726CC0F8},2050006.356,7163.591603
207,3944,SEA-1337,216,ECON,,216,,CHI,POZ,0,0,20/06/2017,rcabreram,{795AEED4-C3E6-4BB3-AB8D-9B075321E677},3882220.513,9255.759263
208,3945,SEA-1338,217,ECON,,217,,CHI,POZ,0,0,20/06/2017,rcabreram,{4D75A9AA-71AF-41A9-885D-3988E24F58AF},2794531.203,9168.038243
209,3940,SEA-1333,218,ECON,,218,,,,0,0,20/06/2017,rcabreram,{04ED4D40-D868-45B5-B2CC-E438AAA517CB},5300453.763,15882.45712
210,3941,SEA-1334,219,EPRO,,219,,DESC,DESC,0,0,20/06/2017,rcabreram,{517A1CCA-01D9-4E64-98AF-0760D3C5F5A6},8930065.699,14061.85672
211,3946,SEA-1339,220,EPRO,,220,,DESC,DESC,0,0,20/06/2017,rcabreram,{081B4EA5-2007-42A7-AB53-6DCDC51A406A},11123159.06,14127.0322
212,3947,SEA-1340,221,ECON,,221,,DESC,DESC,0,0,20/06/2017,rcabreram,{AFF4A677-E44D-425C-916B-5A37E519E2D7},3388906.156,8673.66469
213,3948,SEA-1341,222,EPRO,,222,,DESC,DESC,0,0,20/06/2017,rcabreram,{2A507049-B17F-4951-82F5-D91DBBD7199C},40379662.12,43014.72333
214,3949,SEA-1342,223,ECON,,223,,DESC,DESC,0,0,20/06/2017,rcabreram,{C5F4D94C-09F5-4AA9-829B-CAF43D0E0F5C},8762041.603,13970.74051
215,3950,SEA-1343,224,EPRO,,224,,DESC,DESC,0,0,20/06/2017,rcabreram,{C3D2E1A9-574A-4C67-A364-3CB4BA86C86C},27879427.78,36622.8323
216,3796,SEA-1189,251,HER,,251,,DESC,DESC,52,38,26/10/2017,rcabreram,{E10D37AD-0EDD-4E3B-9D8A-F5333D746788},1755670.55,5643.527941
217,3794,SEA-1187,252,REC,,252,,DESC,DESC,0,0,20/06/2017,rcabreram,{C5CD0389-19C3-4A7C-9392-0A2C90E6886A},1485921.988,5493.022773
218,3770,SEA-1163,253,ECON,,253,,APOZ,APOZ,0,0,16/11/2020,ldavilal,{A724ACCD-F69D-431C-AF2D-FC7E81A7B376},1256251.734,5696.091235
219,3797,SEA-1190,254,REC,,254,,DESC,DESC,0,0,20/06/2017,rcabreram,{B37410AE-09F5-4A6F-A28C-063BE44B7AE8},3091884.412,7826.105815
220,3686,SEA-1079,255,ECON,,255,,DESC,DESC,0,0,16/11/2020,ldavilal,{86E976C4-3D13-456E-B40A-04BD497635CB},3651133.779,11759.52989
221,3915,SEA-1308,256,CON,,256,,DESC,DESC,0,0,15/02/2022,SEGAL,{B398B2CB-FA3B-4A4D-B1AC-488E2744F78B},3214950.297,8832.887261
222,3916,SEA-1309,257,CON,,257,,DESC,DESC,0,0,6/05/2022,ldavilal,{4E764925-D307-4F7A-839A-993E3EF7F606},2276088.603,10404.77366
223,3953,SEA-1346,258,ECON,,258,,DESC,DESC,0,0,15/02/2022,SEGAL,{105C149B-D157-4706-BD54-53064DA83EB2},3230675.932,11031.6123
224,3954,SEA-1347,259,ECON,,259,,POZ,POZ,0,0,16/11/2020,ldavilal,{61CB6B44-7364-4CE3-B17A-500DD77F3DB5},798091.9149,4120.698157
225,3959,SEA-1352,260,EPRO,,260,,DESC,DESC,0,0,20/06/2017,rcabreram,{22B7E0A2-CC3A-4C88-8E9F-79BE710002BA},7625196.448,13372.95563
226,3961,SEA-1354,261,EPRO,,261,,DESC,DESC,0,0,20/06/2017,rcabreram,{1E9DF9EB-0CE7-4DA8-A319-828C9F66E9F5},2487002.533,9281.123168
227,3960,SEA-1353,262,EPRO,,262,,DESC,DESC,0,0,20/06/2017,rcabreram,{FEF3F163-1752-42EA-A3B4-9076D492BE43},1913756.72,7010.32143
228,3919,SEA-1312,263,EPRO,,263,,DESC,DESC,0,0,20/06/2017,rcabreram,{3F945248-8B18-4173-BE52-FA52C3FA809B},1055717.34,4404.822548
229,3913,SEA-1306,264,EPRO,,264,,DESC,DESC,0,0,20/06/2017,rcabreram,{20490F5A-28BC-411F-984F-E1540324D951},2158317.213,9093.570102
230,3920,SEA-1313,265,EPRO,,265,,DESC,DESC,0,0,20/06/2017,rcabreram,{08F4F383-0F0F-42E1-B62B-CD453933C497},1428935.876,5367.437136
231,3921,SEA-1314,266,EPRO,,266,,,,0,0,20/06/2017,rcabreram,{081CF34C-76D1-412F-B487-443653E0E966},2659066.437,12144.12694
232,3922,SEA-1315,267,EPRO,,267,,DESC,DESC,0,0,20/06/2017,rcabreram,{A1ADE832-D6FE-4459-9A17-B392283C32F4},801514.4318,4210.965927
233,3923,SEA-1316,268,EPRO,,268,,CHI,POZ,0,0,20/06/2017,rcabreram,{F7C625E8-8BBA-4F0D-BD09-DE9A1D90F39C},1174064.367,4719.822006
234,3912,SEA-1305,269,EPRO,,269,,CHI,POZ,0,0,20/06/2017,rcabreram,{C9A8CC78-6324-48C2-AB06-A76F86DF130D},550985.2493,5670.19678
235,3905,SEA-1298,270,EPRO,,270,,CHI,POZ,0,0,20/06/2017,rcabreram,{6C47996E-47C7-4D27-8CD5-C189BC09CE3B},635588.9116,3340.239434
236,3906,SEA-1299,271,EPRO,,271,,CHI,POZ,0,0,20/06/2017,rcabreram,{C06472E8-82D5-428C-AD34-C39FF9C19793},1145983.193,5416.402501
237,3907,SEA-1300,272,EPRO,,272,,CHI,POZ,0,0,20/06/2017,rcabreram,{6D4D8E81-AC4F-48B8-A987-C475DACF5616},242794.9405,2059.261637
238,3908,SEA-1301,273,EPRO,,273,,CHI,POZ,0,0,20/06/2017,rcabreram,{47172C62-098F-4AFE-97A2-7B0BC699EE23},1072772.428,5888.811731
239,3909,SEA-1302,274,EPRO,,274,,DESC,DESC,0,0,20/06/2017,rcabreram,{8D2A3FEB-BD00-4CE7-B854-FBA32F67BF0F},5198399.932,10690.40983
240,3924,SEA-1317,275,EPRO,,275,,DESC,DESC,0,0,20/06/2017,rcabreram,{06B86A14-D7E9-4A05-B54B-053973630D37},2859493.917,7367.573229
241,3925,SEA-1318,276,EPRO,,276,,CHI,POZ,0,0,20/06/2017,rcabreram,{9FA7A54D-2F82-404F-A699-72E9D8C71B49},4337044.008,11720.53755
242,3926,SEA-1319,277,EPRO,,277,,CHI,POZ,0,0,20/06/2017,rcabreram,{51E865DE-3A06-4C49-B877-7F917B309167},2387347.539,10212.92472
243,3914,SEA-1307,278,EPRO,,278,,CHI,POZ,0,0,20/06/2017,rcabreram,{8C73F612-103B-4F1F-A022-000BC4A05DAA},1829595.56,12090.06232
244,3927,SEA-1320,279,EPRO,,279,,,,0,0,20/06/2017,rcabreram,{5BEED41A-AF5F-4161-BC86-FAD745C6912D},307795.3019,3367.814759
245,3928,SEA-1321,280,REC,,280,,CHI,POZ,0,0,20/06/2017,rcabreram,{569C5D8C-0C86-45ED-AFAC-3434CF096E56},2581264.13,7438.577278
246,3929,SEA-1322,281,EPRO,,281,,DESC,DESC,0,0,20/06/2017,rcabreram,{D4308B90-F113-4D00-8129-FE9BD772E461},3007158.782,7841.070501
247,3930,SEA-1323,282,REC,,282,,CHI,POZ,0,0,16/11/2020,ldavilal,{D245C8CF-773C-45B6-82F4-7C3CAE089366},3921225.151,9431.413117
248,3931,SEA-1324,283,REC,,283,,,,0,0,16/11/2020,ldavilal,{3A37AAAD-9584-49CB-8CB6-ABAB5B64B2EF},1651940.745,8246.8569
249,3932,SEA-1325,284,REC,,284,,CHI,POZ,0,0,16/11/2020,ldavilal,{CDD92EEE-DD54-4DB4-A5BB-FA1C8A6F3BCE},1658416.123,7436.950029
250,3933,SEA-1326,285,REC,,285,,CHI,POZ,0,0,16/11/2020,ldavilal,{6591BFFE-2572-4146-99C5-EB3AC760F390},1292613.943,5652.748172
251,3934,SEA-1327,286,REC,,286,,CHI,POZ,0,0,16/11/2020,ldavilal,{7FA4F2B3-9B80-4818-B287-4BF6543F9B8E},658403.8723,4075.375024
252,3935,SEA-1328,287,REC,,287,,,,0,0,16/11/2020,ldavilal,{3B539605-655E-4C60-A20F-7D5000C03B46},1441957.978,7022.901189
253,3936,SEA-1329,288,REC,,288,,CHI,POZ,0,0,16/11/2020,ldavilal,{415D9178-E3F2-480A-9BA3-EC3422F15C6B},2082640.91,6997.680531
254,3937,SEA-1330,289,REC,,289,,CHI,POZ,0,0,16/11/2020,ldavilal,{38ADCA63-E024-4FDE-9F39-7100E393ADD5},1834001.866,6529.035018
255,3938,SEA-1331,290,HER,,290,,DESC,DESC,0,0,25/10/2018,JLUJANC,{D2EC9303-573C-4E2D-8DD6-F7713B19498E},3419807.246,8440.68611
256,3939,SEA-1332,291,HER,,291,,DESC,DESC,0,0,25/10/2018,JLUJANC,{1A0EA5D4-7FB5-4D8C-ADC6-D365A40BB564},1714458.544,6122.109785
257,5761,SEA-1437,296,EPRO,,296,,APOZ,APOZ,0,0,18/06/2021,rcabreram,{9349B391-A73E-47CB-99A6-428A0093AA4C},3694510.629,10368.16877
258,3688,SEA-1081,297,EPRO,,297,,APOZ,APOZ,0,0,20/06/2017,rcabreram,{40C8F73A-3211-445D-9B5D-7EA2E21DEA16},6159872.713,12270.57521
259,6404,SEA-1452,298,EPRO,,0,,DESC,DESC,0,0,14/12/2021,SEGAL,{2C1678E3-2217-48BB-A476-16DD651F73D3},2185599.732,10368.59374
260,3689,SEA-1082,299,EPRO,,299,,ATA,APOZ,0,0,4/08/2021,SEGAL,{EF946843-8F38-4D92-B5A2-BFCDAB5CB711},2237041.879,7014.174166
261,3530,SEA-923,300,CON,,300,,ATA,ATA,405,188,4/08/2021,SEGAL,{3A0DB1FC-0FA2-46CF-9F89-E625D91AC860},3561051.279,13414.47245
262,3969,SEA-1362,301,CON,,301,,ATA,ATA,220,119,4/08/2021,SEGAL,{C4B2F1BB-B0A1-4FE1-85F0-A0C896D5EBE1},2274132.486,9654.413866
263,3522,SEA-915,302,CON,,302,,ATA,APOZ,160,93,4/08/2021,SEGAL,{DD0F2378-9097-4558-ABB5-D9E9C4A0CE83},1888195.958,7180.30094
264,3527,SEA-920,303,CON,,303,,ATA,APOZ,120,45,5/02/2022,dmazat,{DC1B19AE-9933-48A6-B7E9-3EEF83E2B101},4541846.426,13520.67502
265,3521,SEA-914,304,CON,,304,,ATA,ATA,145,95,4/08/2021,SEGAL,{A18C889D-B7BE-4529-9EF0-F4FCD06F2077},1451669.185,6339.924746
266,3528,SEA-921,305,CON,,305,,ATA,ATA,270,120,13/01/2022,SEGAL,{1479C92A-B32B-4058-A38F-3F7E900540FE},2994727.508,10998.57718
267,3529,SEA-922,306,CON,,306,,ATA,ATA,132,75,7/04/2022,ldavilal,{6449D42A-AE04-45A2-8C3B-73DC90ED9952},2581190.095,10606.69634
268,3606,SEA-999,307,CON,,307,,ATA,ATA,328,190,4/08/2021,SEGAL,{93308C35-F79D-4F5A-B5FB-EE1BE0953414},1350035.429,7993.529355
269,3531,SEA-924,308,CON,,308,,ATA,ATA,595,237.5,12/10/2021,jchoquec,{78535764-3837-4A74-983A-78C1B2C7E9F0},6089030.682,15299.83479
270,3532,SEA-925,309,CON,,309,,ATA,ATA,333,163,26/01/2022,SEGAL,{C2D4434D-38A2-4730-A77A-E50E66AD57BA},2654882.269,14251.24457
271,3966,SEA-1359,310,CON,,310,,ATA,ATA,0,0,26/01/2022,SEGAL,{29C05306-EFE0-42F4-922D-DB3A4CF61C6A},3829462.879,13444.79046
272,3965,SEA-1358,311,CON,,311,,,,206,125,26/01/2022,SEGAL,{1D02FF55-887C-47C5-980D-EC1BDBDA2A5A},3196332.914,15673.71006
273,3533,SEA-926,312,CON,,312,,ATA,ATA,316,167,13/01/2022,SEGAL,{3593E446-2EEC-4642-8F38-540BAE62DD7D},6468727.544,15987.42289
274,3534,SEA-927,313,REC,,313,,ATA,ATA,0,0,26/01/2022,SEGAL,{FD720C98-42BD-43E8-B714-425B8F38886E},4552172.558,17714.50435
275,3535,SEA-928,314,CON,,314,,ATA,ATA,324,222,26/01/2022,SEGAL,{D26D527F-9C65-4991-97D2-48C8A752D286},2795846.908,13423.60275
276,3536,SEA-929,315,CON,,315,,ATA,APOZ,225,58,26/10/2017,rcabreram,{1BFB4F91-F1B9-4143-A496-F864C62DAFEF},7015079.986,18267.08673
277,3537,SEA-930,316,CON,,316,,ATA,ATA,165,128,26/10/2017,rcabreram,{2D103CD4-F71A-469B-9B6A-9976285DB51E},1098803.606,5219.118993
278,3538,SEA-931,317,CON,,317,,ATA,ATA,243,95,8/11/2021,ldavilal,{A4CDA85F-6FD3-40DB-987E-995B90EAB199},1493379.929,8372.273528
279,3539,SEA-932,318,CON,,318,,ATA,ATA,109,26,4/09/2021,SEGAL,{E068220B-D0EF-4FDC-9258-B3C2598D33D5},4200609.65,12627.13238
280,3540,SEA-933,319,CON,,319,,ATA,ATA,250,168,8/05/2020,ldavilal,{030CE422-FB92-4F6A-BE71-C6FC6E6052D3},1739295.796,7480.020554
281,3541,SEA-934,320,CON,,320,,ATA,ATA,202,150,27/02/2019,practicanteecrf,{5A8D2816-D31A-4926-B0F1-7282F945D3F0},2522769.849,8709.239028
282,3542,SEA-935,321,CON,,321,,ATA,ATA,161,118,7/12/2021,ldavilal,{747DAF63-FBF6-46DC-83C9-A30517D12DF7},2109654.16,8961.404371
283,3543,SEA-936,322,CON,,322,,ATA,ATA,122,52,4/09/2021,SEGAL,{80B5EA04-01A4-4D76-8498-7C0A0A986760},3152208.667,11110.74334
284,3544,SEA-937,323,ECON,,323,,ATA,ATA,0,0,20/06/2017,rcabreram,{0891BE58-263B-4CD7-9697-1A5F62E1AED6},4348490.313,12396.74654
285,3545,SEA-938,324,FCON,,324,,ATA,ATA,221,142,7/04/2022,ldavilal,{6E35375F-72FD-41FA-9707-18CE05664808},973668.7136,5182.257972
286,3546,SEA-939,325,CON,,325,,ATA,ATA,161,115,9/10/2019,JLUJANC,{2110BACB-381B-439E-8193-A7B6028FA05E},1792720.584,8524.009096
287,3605,SEA-998,326,CON,,326,,ATA,ATA,160,4,27/02/2019,practicanteecrf,{1DC375A9-1731-423D-852C-9E7B755F1609},3719870.077,10398.29923
288,3547,SEA-940,327,ECON,,327,,DESC,DESC,0,0,20/06/2017,rcabreram,{99CC1A3D-1BC5-4865-A5C2-7933013577C1},3314212.744,12126.8706
289,3548,SEA-941,328,CON,,328,,ATA,ATA,137.5,96,27/02/2019,practicanteecrf,{F88C265E-9057-4055-BC82-D962E029EDE1},1418674.521,6285.328823
290,3549,SEA-942,329,CON,,329,,ATA,APOZ,121,33,7/02/2022,ldavilal,{A9CB5A77-D3CD-473A-B26E-51AEDEDF36BE},1468931.983,7090.555307
291,3967,SEA-1360,330,CON,,330,,,,188,120,26/01/2022,SEGAL,{2AA2D3DD-7792-4135-972E-F32ED84DDDE4},1179013.663,7246.790495
292,3799,SEA-1192,331,ECON,,331,,ATA,ATA,0,0,20/06/2017,rcabreram,{22508630-A419-4652-812B-0585F02FCFCE},739877.0508,6841.834184
293,3800,SEA-1193,332,ECON,,332,,,,0,0,13/04/2022,SEGAL,{1F95A0FE-3487-4E2A-9D50-18A102BAF9E5},2044390.737,8907.106637
294,3805,SEA-1198,333,ECON,,333,,ATA,ATA,0,0,20/06/2017,rcabreram,{4384B36F-7A89-4ED0-BDB4-E590F3373CF3},2072733.092,8215.345077
295,3804,SEA-1197,334,CON,,334,,ATA,ATA,0,0,6/05/2022,ldavilal,{FCB72DC7-6E0E-492B-907F-16727A7AAFF6},1243610.482,6033.535962
296,3806,SEA-1199,335,REC,,335,,ATA,ATA,0,0,20/06/2017,rcabreram,{44786B4B-8B70-4428-8AD6-626620118A89},732476.7704,4797.368522
297,3807,SEA-1200,336,REC,,336,,ATA,ATA,0,0,20/06/2017,rcabreram,{2BBABB97-CD5C-4858-865D-4FD2FB64A3E4},1563807.058,7831.413129
298,3808,SEA-1201,337,REC,,337,,ATA,ATA,0,0,20/06/2017,rcabreram,{9AE9BEFA-1370-43C8-9F32-88333355A0EC},1303692.704,6751.309701
299,3802,SEA-1195,338,CON,,338,,ATA,APOZ,0,0,13/04/2022,SEGAL,{AE30A0E1-9642-4CDA-BCED-50D7C7FFCF13},3864888.486,9723.272638
300,3778,SEA-1171,339,REC,,339,,ATA,ATA,0,0,26/11/2021,lmenag,{55CEA131-93F7-43FD-A7A4-EC8E1F634081},4244852.303,10803.07942
301,3777,SEA-1170,340,CON,,340,,ATA,APOZ,0,0,7/01/2022,ldavilal,{ACCEA02B-9D52-47E0-84A9-3DEAB0E2BE2B},2543479.504,6876.437905
302,3775,SEA-1168,341,REC,,341,,ATA,POZ,0,0,20/06/2017,rcabreram,{B598A385-3187-486D-A6EF-9A5A3A369DCC},3102699.732,10134.6557
303,3773,SEA-1166,342,CON,,342,,ATA,APOZ,151,113,7/10/2021,ldavilal,{01A41CB3-7848-464B-97A4-60D4CF73DBBB},1417245.956,5162.75725
304,3774,SEA-1167,343,REC,,343,,ATA,ATA,0,0,20/06/2017,rcabreram,{ADD118F1-38C9-45DE-863A-D9CA3605ED9D},4423002.491,10743.95548
305,3767,SEA-1160,344,REC,,344,,CHI,APOZ,0,0,20/06/2017,rcabreram,{E9A0B035-7F37-4D08-B4F1-EDB75E852367},3509185.596,10134.15622
306,3763,SEA-1156,345,EPRO,,345,,CHI,POZ,0,0,29/04/2021,jsindustrial,{F1998208-923A-432D-BAF7-B1C1722F9F29},3023557.708,7871.732173
307,3764,SEA-1157,346,REC,,346,,CHI,POZ,0,0,20/06/2017,rcabreram,{44AD35E5-EC7F-4FCC-BCB0-9516786C43C9},3123969.506,11502.1271
308,3757,SEA-1150,347,REC,,347,,CHI,POZ,0,0,29/04/2021,jsindustrial,{6FFFE5DA-2252-4981-B3D3-2A2FAD9DC396},1338832.282,6264.820316
309,3776,SEA-1169,348,EPRO,,348,,CHI,POZ,0,0,20/06/2017,rcabreram,{5C1F45BE-EB53-47F4-8DA2-0846A4CDD110},2180010.368,8177.781682
310,3766,SEA-1159,349,EPRO,,349,,CHI,POZ,0,0,20/06/2017,rcabreram,{8F5650DA-9E8E-47B4-B41D-66FF6A430012},3562274.926,9861.33271
311,3756,SEA-1149,350,CON,,350,,CHI,POZ,185,157.5,7/02/2022,ldavilal,{9AF4DF28-A142-45DE-A4C5-5504CEC65A6A},2563085.596,7472.847599
312,3765,SEA-1158,351,EPRO,,351,,CHI,POZ,0,0,29/04/2021,jsindustrial,{0B91AF9D-58D2-41D1-8EAB-598F7833F6BE},667103.5701,4402.18832
313,3755,SEA-1148,352,CON,,352,,CHI,POZ,208,174,29/04/2021,jsindustrial,{9E32F781-2CF9-4855-811F-58E69A68885E},3241094.603,8801.831559
314,3754,SEA-1147,353,FCON,,353,,CHI,POZ,220,199,7/04/2022,ldavilal,{9EC0618B-6593-4A59-9B4B-86782ED1BDCE},1996659.482,6574.864235
315,3751,SEA-1144,355,IMP,,355,,CHI,POZ,244,212,18/12/2019,jsindustrial,{3E119119-3D9A-4A7E-881A-D56D61AD4767},2068580.445,6321.655544
316,3734,SEA-1127,356,FCON,,356,,CHI,POZ,287,223,7/04/2022,ldavilal,{D65F9097-1A20-4346-9513-549CA9D41B06},3314148.987,12960.46648
317,3752,SEA-1145,357,EPRO,,357,,CHI,POZ,0,0,29/04/2021,jsindustrial,{90B166E9-89DC-4E3A-B90A-FA738692B97D},4560182.396,17240.00154
318,3753,SEA-1146,358,EPRO,,358,,,,0,0,20/06/2017,rcabreram,{5E32D41A-C07B-4C6A-B7AA-D3B9423D079C},2392601.113,11906.8947
319,3727,SEA-1120,359,EPRO,,359,,CHI,POZ,0,0,20/06/2017,rcabreram,{D1B838B1-EFF7-4378-B7EC-A707C8C6C1BC},5168139.023,10612.86413
320,3728,SEA-1121,360,EPRO,,360,,CHI,POZ,0,0,20/06/2017,rcabreram,{85174868-D887-4E15-AC30-CCF3FC68B27A},2250978.784,6056.521807
321,3760,SEA-1153,361,CON,,361,,,,165,132.5,7/07/2021,ldavilal,{E0CB4B1A-DED4-4F01-874D-77AEF240A51C},3293572.713,11191.65463
322,3759,SEA-1152,362,IMP,,362,,CHI,POZ,180,163,29/04/2021,jsindustrial,{790E86EA-B497-4789-A5B3-56E2498D5810},1917696.962,6189.275689
323,3748,SEA-1141,363,HER,,363,,CHI,POZ,230,172,29/04/2021,jsindustrial,{745EF6C1-8B89-444B-8BC6-053C997EA9EB},1510821.492,5637.648325
324,3738,SEA-1131,364,FCON,,364,,CHI,POZ,200,180,7/04/2022,ldavilal,{2852912F-162D-42B1-A694-BE3F5AD31005},2202969.194,7937.246748
325,3737,SEA-1130,365,REC,,365,,CHI,POZ,0,0,29/04/2021,jsindustrial,{EF6441BE-8E73-4EBE-9D7D-48F2965BD9C0},2295004.575,6350.905778
326,3730,SEA-1123,366,HER,,366,,CHI,POZ,218,190,26/10/2017,rcabreram,{E2304A73-8B2D-442D-AE0F-E54919F0EC75},2391185.992,7302.256797
327,3749,SEA-1142,367,HER,,367,,CHI,POZ,295,195,26/10/2017,rcabreram,{F341AC2F-40E7-434C-B693-F79ED098BD32},2983307.398,9941.318942
328,3768,SEA-1161,368,IMP,,368,,CHI,POZ,225,64,26/10/2017,rcabreram,{B95A925D-69E8-4B89-93B4-B7942F1372DC},3510246.068,8948.63758
329,3762,SEA-1155,369,IMP,,369,,CHI,POZ,252,93,26/10/2017,rcabreram,{82717750-2F8A-4A9E-AD9C-F76B73D30419},3440763.734,8578.354793
330,3761,SEA-1154,370,EPRO,,370,,CHI,POZ,0,0,29/04/2021,jsindustrial,{5AA8D985-0410-48AA-9846-185DC13D4201},2259376.218,8124.833214
331,3723,SEA-1116,371,HER,,371,,DESC,DESC,0,0,25/10/2018,JLUJANC,{04BD6C22-2416-4908-8A33-B8B4395D1202},5400112.42,10286.64024
332,3724,SEA-1117,372,HER,,372,,DESC,DESC,0,0,25/10/2018,JLUJANC,{5F7B06BD-E56D-4E34-812D-EA319D1A9E50},7130644.275,11962.56267
333,3725,SEA-1118,373,EPRO,,373,,,,0,0,20/06/2017,rcabreram,{61E2AF7C-E8A2-4AF9-93FC-422CBD0FD56F},4646649.851,11172.99972
334,3726,SEA-1119,374,REC,,374,,DESC,DESC,0,0,16/11/2020,ldavilal,{A0B53437-641D-4ABE-8777-ADD2C825FED3},2379234.899,8843.670212
335,3731,SEA-1124,375,EPRO,,375,,CHI,POZ,0,0,20/06/2017,rcabreram,{2F93EE4B-933F-4B35-8000-B4A3245739BE},3237892.686,8804.434925
336,3739,SEA-1132,376,REC,,376,,CHI,POZ,0,0,16/11/2020,ldavilal,{FC5B8880-0125-43B8-875A-D43C67049A26},3903674.395,8757.970082
337,3736,SEA-1129,377,EPRO,,377,,DESC,DESC,0,0,20/06/2017,rcabreram,{E144844D-B4F2-4147-993C-4291A3835EA3},1792307.554,6259.295551
338,3732,SEA-1125,378,EPRO,,378,,CHI,POZ,0,0,20/06/2017,rcabreram,{015CE532-FE76-4101-97A7-67E3FCCA4AD2},2906913.812,9670.115983
339,3740,SEA-1133,379,EPRO,,379,,CHI,POZ,0,0,20/06/2017,rcabreram,{30D8B616-A1A9-4598-BF20-B3B74CE237B5},2186069.697,7084.920783
340,3733,SEA-1126,380,EPRO,,380,,CHI,POZ,0,0,29/04/2021,jsindustrial,{017086DF-427D-487D-B41D-69729CF1EE11},3456593.882,10234.58885
341,3735,SEA-1128,381,EPRO,,381,,CHI,POZ,0,0,20/06/2017,rcabreram,{C83B7C36-90EC-4442-8A38-5300CC4FA808},1708404.101,6113.539806
342,3741,SEA-1134,382,EPRO,,382,,CHI,POZ,0,0,20/06/2017,rcabreram,{F15AF61A-1D20-4A7A-87F6-AD66B4DFDB44},2604557.765,6571.553579
343,3758,SEA-1151,383,EPRO,,383,,CHI,POZ,0,0,20/06/2017,rcabreram,{A4A7A78B-4E95-4A68-87D3-36771F7A6943},3125908.7,7546.728495
344,3747,SEA-1140,384,HER,,384,,CHI,POZ,198,148,29/04/2021,jsindustrial,{71CC46D4-03B0-4ACD-90B1-94C723A7540A},2832634.812,10147.6309
345,3746,SEA-1139,385,HER,,385,,CHI,POZ,337,178,26/10/2017,rcabreram,{527E893B-4ACF-45FE-A0BF-442668511195},2301876.535,7248.395024
346,3745,SEA-1138,386,REC,,386,,CHI,POZ,0,0,29/04/2021,jsindustrial,{DC25947B-CBB0-424C-B678-6E311E7FCD7E},1356679.267,5380.248028
347,3744,SEA-1137,387,REC,,387,,CHI,POZ,0,0,29/04/2021,jsindustrial,{94F00928-56D9-4BB0-847E-6DAC5B89E0F0},1592895.888,6584.097448
348,3743,SEA-1136,388,HER,,388,,CHI,POZ,240,170,26/10/2017,rcabreram,{45FEBDAD-62CD-458C-ACBF-E6D54EC6F7A2},1704612.893,6260.09475
349,3742,SEA-1135,389,IMP,,389,,CHI,POZ,231,190,26/10/2017,rcabreram,{AFDF7DE0-5CDB-4301-9BEA-514332829FC8},1898462.861,7394.107574
350,3729,SEA-1122,390,HER,,390,,CHI,POZ,310,192,26/10/2017,rcabreram,{BCE20B66-A857-4EA4-AC1A-B9417E3CBD59},1452943.366,5740.981876
351,3722,SEA-1115,391,EPRO,,391,,,,0,0,20/06/2017,rcabreram,{FB8C37EA-6A7D-4D91-B01E-4629361E4D82},1229367.189,6665.027308
352,3721,SEA-1114,392,FCON,,392,,CHI,POZ,450,260,7/04/2022,ldavilal,{7D95ED15-CAC4-46F6-AA5E-AEFACF9EE061},2304080.069,7191.763261
353,3750,SEA-1143,393,EPRO,,393,,CHI,POZ,0,0,20/06/2017,rcabreram,{959DC95E-439D-4D39-A71B-9C2215BB2759},1184588.471,6328.239168
354,3917,SEA-1310,394,EPRO,,394,,CHI,POZ,0,0,20/06/2017,rcabreram,{79C8792F-EAB1-4A07-AF2F-9B857FC49425},1667619.724,6656.527271
355,3918,SEA-1311,395,EPRO,,395,,CHI,POZ,0,0,20/06/2017,rcabreram,{3D95AADE-B172-45DD-B72A-6520C6BBD5B1},1975291.12,7907.139312
356,5131,SEA-1435,396,CON,,396,,DESC,DESC,207,194,6/05/2022,ldavilal,{A3C83BC1-57CC-491B-841E-144BC373B061},268077.6735,2071.571346
357,3690,SEA-1083,397,EPRO,,397,,,,0,0,20/06/2017,rcabreram,{84FB78C9-81E8-4566-93FA-159B27C42470},8129203.058,34402.4511
358,3691,SEA-1084,398,EPRO,,398,,,,0,0,20/06/2017,rcabreram,{961E86BE-F87D-4933-A5D2-40F8D6C24EE2},10972217.5,37761.87677
359,3692,SEA-1085,400,REC,,400,,,,0,0,20/06/2017,rcabreram,{D44C45E4-61BC-4194-A6A9-E8B182A90D5B},2317982.968,11062.94339
360,3693,SEA-1086,401,EPRO,,401,,APOZ,APOZ,0,0,20/06/2017,rcabreram,{8E8E6379-291E-4FD8-AF21-905D6AA3302F},3654199.743,10052.04609
361,3694,SEA-1087,402,EPRO,,402,,APOZ,APOZ,0,0,20/06/2017,rcabreram,{713BE7AF-9D0D-4EC2-BFE9-01ECC136C028},710386.2466,4543.470288
362,3695,SEA-1088,403,EPRO,,403,,POZ,POZ,0,0,17/01/2020,jsindustrial,{580EB9DD-2833-4DA0-8AEA-7428A8E492B3},3790891.752,13561.35211
363,3696,SEA-1089,404,EPRO,,404,,APOZ,APOZ,0,0,20/06/2017,rcabreram,{5BD02081-6703-4A74-94C9-2D2EF6CCBABF},1812586.291,9395.46673
364,3697,SEA-1090,405,EPRO,,405,,APOZ,APOZ,0,0,20/06/2017,rcabreram,{4F09E207-E151-4115-9B4F-803CFD84FF47},2758290.698,8279.560334
365,3698,SEA-1091,406,EPRO,,406,,APOZ,APOZ,0,0,20/06/2017,rcabreram,{2E22C307-232D-45B3-A666-C7ACAE646F09},5490651.113,12087.56435
366,3699,SEA-1092,407,FCON,,407,,APOZ,APOZ,382,218,7/04/2022,ldavilal,{87098F57-3582-42C5-9557-0DAEB1E5CC88},2108992.296,8056.671252
367,3700,SEA-1093,408,EPRO,,408,,APOZ,APOZ,0,0,20/06/2017,rcabreram,{92C2E71B-DE5E-4FDA-A108-BECD4CA57F57},1431500.991,6574.97822
368,3701,SEA-1094,409,EPRO,,409,,APOZ,APOZ,0,0,20/06/2017,rcabreram,{C7F4FD29-997F-4403-BD94-4EF1A653C5B2},3064994.213,8705.9647
369,3702,SEA-1095,410,EPRO,,410,,APOZ,APOZ,0,0,20/06/2017,rcabreram,{AE6073BA-7636-4239-B333-5999612AA298},1966792.675,6619.424691
370,3703,SEA-1096,411,EPRO,,411,,APOZ,APOZ,0,0,20/06/2017,rcabreram,{3B7B6267-A039-445D-A9AA-646630B002E4},3179215.99,9810.887509
371,3704,SEA-1097,412,EPRO,,412,,APOZ,APOZ,0,0,20/06/2017,rcabreram,{BB0CAC86-5302-4076-8245-4AEA6B9096C7},2792259.709,11184.04064
372,3705,SEA-1098,413,EPRO,,413,,APOZ,APOZ,0,0,17/01/2020,jsindustrial,{1641666F-38DA-4405-B16B-95332406F08D},2853984.271,7422.274833
373,3706,SEA-1099,414,EPRO,,414,,APOZ,APOZ,0,0,20/06/2017,rcabreram,{4BCF6C66-0BA9-4D61-8CD5-4DA177E7F766},2385560.886,7043.630809
374,3707,SEA-1100,415,EPRO,,415,,APOZ,APOZ,0,0,20/06/2017,rcabreram,{9FBCA2B3-3142-4C13-AADA-E06ACD94E9C3},860380.0068,3973.46411
375,3708,SEA-1101,416,EPRO,,416,,APOZ,APOZ,0,0,20/06/2017,rcabreram,{F0616A87-B965-4697-B4EC-3D5D930B887E},1035885.638,5481.513631
376,3709,SEA-1102,417,HER,,417,,APOZ,APOZ,460,350,17/01/2020,jsindustrial,{669A1ACC-4C28-4238-B57F-24854252A4A2},1620516.704,9818.987176
377,3710,SEA-1103,418,CON,,418,,,,640,374,7/12/2021,ldavilal,{3F2C6281-9644-455C-BD35-E8BED3E291D4},4604899.502,15963.63337
378,3711,SEA-1104,419,EPRO,,419,,APOZ,APOZ,0,0,20/06/2017,rcabreram,{CA164FE0-80ED-4BA5-BA9E-AAAC7846CA13},915693.684,4387.731206
379,3712,SEA-1105,420,EPRO,,420,,APOZ,APOZ,0,0,20/06/2017,rcabreram,{60AC3419-C4DD-4082-BF28-47FA3964C142},1888087.265,7497.40649
380,3713,SEA-1106,421,EPRO,,421,,,,0,0,20/06/2017,rcabreram,{806BB37E-EA8D-48E5-AD97-A8D9A3EF3AEF},1537602.254,9124.717923
381,3714,SEA-1107,422,HER,,422,,APOZ,APOZ,395,349,26/10/2017,rcabreram,{D3292BAD-1B58-4787-A6D4-9E3564E9E6AA},780663.2598,6474.72018
382,3715,SEA-1108,423,EPRO,,423,,APOZ,APOZ,0,0,17/01/2020,jsindustrial,{C66B1EEE-14FC-41E8-A379-FA7A95F33E60},922375.7945,6132.242744
383,3716,SEA-1109,424,EPRO,,424,,APOZ,APOZ,0,0,17/01/2020,jsindustrial,{12849CB6-E87F-4722-9C40-46C01BE4D6A7},1134675.826,7148.738562
384,3717,SEA-1110,425,FCON,,425,,,,505,385,7/04/2022,ldavilal,{F10E5306-0E52-4C9C-B466-FC3807B0C6BF},1649457.759,10074.94443
385,3879,SEA-1272,426,ECON,,426,,,,0,0,16/11/2020,ldavilal,{792E66CF-7024-448E-B516-0835156304C3},3729944.588,15636.81947
386,3880,SEA-1273,427,ECON,,427,,DESC,DESC,0,0,16/11/2020,ldavilal,{7B69934D-E4A9-45BF-B84F-A518A2F0E0E9},7244876.556,17320.63419
387,3550,SEA-943,428,CON,,428,,,,574,382,7/05/2021,ldavilal,{1A1550F3-CEC0-40FA-BE9A-D25DC5BF5BB0},1118464.936,7334.281228
388,3551,SEA-944,429,CON,,429,,POZ,POZ,485,440,7/12/2021,ldavilal,{187F9390-59B2-42DA-AE1B-77752A2BFE20},739033.4968,3964.90062
389,3603,SEA-996,430,CON,,430,,POZ,POZ,552,435,7/12/2021,ldavilal,{8B9233B7-DB0F-4F87-8864-2D3687300C97},635081.832,3653.33369
390,3552,SEA-945,431,CON,,431,,POZ,POZ,472,395,7/04/2022,ldavilal,{643D2BE5-0A99-43AC-80A8-876275999607},2096228.296,8132.581559
391,3553,SEA-946,432,EPRO,,432,,,,0,0,20/06/2017,rcabreram,{D58E36C6-23ED-4FD8-9148-7CCD51A019AD},3643617.489,15359.90783
392,3554,SEA-947,433,ECON,,433,,,,0,0,20/06/2017,rcabreram,{3C2423C9-6F77-47A0-A57F-D8785A603F67},2077997.303,11530.57555
393,3555,SEA-948,434,EPRO,,434,,,,0,0,20/06/2017,rcabreram,{A30A0C9B-A6F7-4132-B205-F91C16A5D7BE},8392971.523,21209.58454
394,3881,SEA-1274,435,EPRO,,435,,DESC,DESC,0,0,20/06/2017,rcabreram,{29656AA4-6914-4FE4-A27A-A567B5B16731},8989265.64,28238.28952
395,3882,SEA-1275,436,ECON,,436,,POZ,POZ,0,0,16/11/2020,ldavilal,{880AA4CE-8791-4C15-91C0-089605DD5F16},2153658.941,10099.92418
396,3883,SEA-1276,437,EPRO,,437,,POZ,POZ,0,0,20/06/2017,rcabreram,{B193E385-ED50-43C0-969E-8CAA5AD87D28},3611166.867,14345.08072
397,3884,SEA-1277,438,ECON,,438,,POZ,POZ,0,0,16/11/2020,ldavilal,{8D80E087-287F-4950-9C21-9D6EF26C2B7E},1429135.798,8394.587334
398,3885,SEA-1278,439,ECON,,439,,POZ,POZ,0,0,16/11/2020,ldavilal,{0599FC18-6F61-4A5C-8ED2-F1D5759D4910},4082780.208,14588.18768
399,3886,SEA-1279,440,EPRO,,440,,POZ,POZ,0,0,20/06/2017,rcabreram,{1295CB0F-02AC-4F80-A5E4-53A6C1B450EB},6378794.553,33387.5505
400,3887,SEA-1280,441,EPRO,,441,,DESC,DESC,0,0,20/06/2017,rcabreram,{EC9994DB-5F31-4326-B2C3-A4DD3950D164},9795341.077,22585.23035
401,3556,SEA-949,442,CON,,442,,POZ,POZ,502,400,7/02/2022,ldavilal,{978A39E8-EB7A-426F-B43B-1DCE9EE6E962},1142318.515,6054.237655
402,3557,SEA-950,443,CON,,443,,,,500,350,6/05/2022,ldavilal,{AB5225D1-5CAC-495D-B550-9D7EACAAEB9F},2192429.822,8592.063215
403,3558,SEA-951,444,CON,,444,,POZ,POZ,468,355,7/12/2021,ldavilal,{EF612660-F151-49C7-AC15-8AD63ED061E0},774303.4065,4423.605481
404,3559,SEA-952,445,CON,,445,,POZ,POZ,396,315,7/12/2021,ldavilal,{9B6F249E-31B9-47FD-A785-B90F99312768},975143.521,6209.572467
405,3560,SEA-953,446,IMP,,446,,POZ,POZ,362,276,26/10/2017,rcabreram,{2A2F3251-A6EC-4EA4-874A-34D04DA552B5},2290006.826,11369.87604
406,3561,SEA-954,447,HER,,447,,POZ,POZ,265,210,26/10/2017,rcabreram,{68693EFB-8E3F-49AC-99F4-974B8CD75694},7562111.779,24438.5094
407,3562,SEA-955,449,ECON,,449,,DESC,DESC,0,0,28/03/2022,pquispee,{3DAAA4A9-0C63-4EF2-A65D-075146EBBEB3},985105.0473,4647.232674
408,3563,SEA-956,450,EPRO,,450,,ATA,APOZ,0,0,27/02/2019,practicanteecrf,{27375B90-1A04-49D3-A6C0-1ADBAAFA79A5},1646092.044,8939.386208
409,3564,SEA-957,451,EPRO,,451,,,,0,0,20/06/2017,rcabreram,{5882775E-2147-45DB-8468-4E5C67D8C822},2113586.733,8943.32382
410,3565,SEA-958,452,EPRO,,452,,ATA,APOZ,0,0,20/06/2017,rcabreram,{7E94F550-0704-495F-B5ED-4C3FF17F3F98},2890898.425,10678.83243
411,3566,SEA-959,453,EPRO,,453,,POZ,POZ,0,0,20/03/2019,practicanteecrf,{0141436C-B356-438E-9F03-A41DCF9A7691},5187970.466,10651.19403
412,3567,SEA-960,454,CON,,454,,POZ,POZ,99,59,6/12/2019,JLUJANC,{62F3A7B0-C982-4C3D-B495-E5001777965F},4875205.96,12113.65418
413,3568,SEA-961,455,EPRO,,455,,POZ,POZ,0,0,20/03/2019,practicanteecrf,{5EEBB05D-EB4F-47AB-AA15-6F79F795E408},3513845.22,9829.022635
414,3569,SEA-962,456,EPRO,,456,,,,0,0,20/06/2017,rcabreram,{1D16CE01-208F-41A9-9D42-39C192BF1142},403054.6639,5201.419433
415,3570,SEA-963,457,EPRO,,457,,DESC,DESC,0,0,20/06/2017,rcabreram,{202BCFCF-83C9-453F-885B-C157248A9659},4376739.455,13221.24012
416,3571,SEA-964,458,EPRO,,458,,DESC,DESC,0,0,20/06/2017,rcabreram,{A5B443F8-BCA5-473B-B226-9CEFDE355B61},4581143.325,10972.56016
417,3572,SEA-965,459,FCON,,459,,POZ,POZ,100,28,7/04/2022,ldavilal,{9D895DE5-C850-415A-8F94-ADBBCA10A462},4368054.137,8536.362157
418,3573,SEA-966,460,EPRO,,460,,DESC,DESC,0,0,28/03/2022,pquispee,{920FAFDD-701F-409C-BD26-5D9354CB4B1F},2848286.281,10945.89166
419,3574,SEA-967,461,EPRO,,461,,POZ,POZ,0,0,28/03/2022,pquispee,{E5CC9CB4-A92B-4C5D-B1F3-B2BEA53D56F8},1365030.445,5598.625934
420,3575,SEA-968,462,EPRO,,462,,DESC,DESC,0,0,28/03/2022,pquispee,{D575FEDD-8CB1-4C40-9FD5-0656987199FE},2972778.197,8362.514677
421,3576,SEA-969,463,EPRO,,463,,DESC,DESC,0,0,28/03/2022,pquispee,{986B8A17-860D-4F8E-AA74-0074E9E44777},3756450.217,8496.725243
422,3577,SEA-970,464,EPRO,,464,,,,0,0,20/06/2017,rcabreram,{3A448660-2BB7-4032-B914-17F9E7596033},3023386.061,13209.16633
423,3604,SEA-997,465,EPRO,,465,,DESC,DESC,0,0,20/03/2019,practicanteecrf,{2731A0F2-753C-4F84-BBD4-78F121CE39B7},3958596.984,15502.26851
424,3578,SEA-971,466,EPRO,,466,,POZ,POZ,0,0,20/06/2017,rcabreram,{D399D056-48EF-46E4-91E4-1CDE578F7A24},2296933.691,8733.847247
425,3579,SEA-972,467,EPRO,,467,,POZ,POZ,0,0,20/06/2017,rcabreram,{41644689-7C1A-44DC-9259-715A9BB04046},6376068.03,16368.00207
426,3580,SEA-973,468,EPRO,,468,,POZ,POZ,0,0,15/08/2021,SEGAL,{B97165E2-54CE-473B-A116-27C21B2AAE70},5346032.407,14274.68796
427,3581,SEA-974,469,EPRO,,469,,POZ,POZ,0,0,20/06/2017,rcabreram,{2E20655B-F919-4D73-9B8F-220C62A7985D},6589397.031,13544.27633
428,3582,SEA-975,470,EPRO,,470,,POZ,POZ,0,0,15/08/2021,SEGAL,{FDABC796-8510-4A5A-9B50-89B3A00C08A8},16590204.06,18432.09078
429,6084,SEA-1441,500,Desconocido,,0,,DESC,DESC,0,0,15/08/2021,SEGAL,{BA3A39E1-7A94-4381-B7A5-2D7DB95C25BC},823171.5801,7344.822471
430,6091,SEA-1448,501,Desconocido,,0,,DESC,DESC,0,0,15/08/2021,SEGAL,{229102F3-2937-4B18-A7E6-9B825D93C1BC},2022931.909,15683.07342
431,6081,SEA-1438,502,Desconocido,,0,,DESC,DESC,0,0,15/08/2021,SEGAL,{406F1ADC-20FE-447E-A259-643610CF0ECA},34842009.1,34847.43764
432,6090,SEA-1447,511,Desconocido,,0,,DESC,DESC,0,0,15/08/2021,SEGAL,{A0651552-80D9-4238-A37D-3393F514CBE2},3334969.057,14026.93722
433,6083,SEA-1440,513,Desconocido,,0,,DESC,DESC,0,0,15/08/2021,SEGAL,{DA3FDF46-963E-4D60-91D9-82C382B25BE8},12130677.96,20065.89785
434,6086,SEA-1443,514,Desconocido,,0,,DESC,DESC,0,0,15/08/2021,SEGAL,{4783E066-CBB3-4197-A340-C064A871FD42},7864607.999,12258.88507
435,6089,SEA-1446,520,Desconocido,,0,,DESC,DESC,0,0,15/08/2021,SEGAL,{BA561A35-89E5-491C-A0BF-618CAD94A2BF},2562210.121,10817.73815
436,6087,SEA-1444,521,Desconocido,,0,,DESC,DESC,0,0,15/08/2021,SEGAL,{7F279294-B481-4034-B866-697C372B3183},18704295.57,22930.49846
437,6088,SEA-1445,530,Desconocido,,0,,DESC,DESC,0,0,15/08/2021,SEGAL,{7EF2E920-6534-43A2-A8C0-9671DEC3ED06},869686.2525,8717.910823
438,6082,SEA-1439,531,Desconocido,,0,,DESC,DESC,0,0,15/08/2021,SEGAL,{3822D673-166F-4CEC-B905-C17B41E0F398},4319706.112,14067.49372
439,6085,SEA-1442,532,Desconocido,,0,,DESC,DESC,0,0,15/08/2021,SEGAL,{AC529420-63F8-4742-8A1F-79745EDCDC0B},3195831.95,10098.18436
440,3598,SEA-991,540,EPRO,,540,,DESC,DESC,0,0,18/08/2021,SEGAL,{66BEEB30-F187-4CC0-B60A-38BF75931660},22519226.56,28451.85809
441,3599,SEA-992,541,EPRO,,541,,POZ,POZ,0,0,20/06/2017,rcabreram,{DBA833F7-16E5-4F3A-A8CE-8BFAC329E479},2562422.573,16369.58234
442,3600,SEA-993,542,EPRO,,542,,POZ,POZ,0,0,20/06/2017,rcabreram,{631A747D-2173-404B-BDB0-81A351707438},7909901.367,14491.54333
443,3601,SEA-994,543,EPRO,,543,,DESC,DESC,0,0,20/06/2017,rcabreram,{7D602923-6185-4D6C-9AF4-89B60045CC75},8562703.873,20859.08683
444,3602,SEA-995,544,EPRO,,544,,DESC,DESC,0,0,20/06/2017,rcabreram,{E1449F9C-7DCD-4A6F-9FA0-582FB360AC91},7801867.004,23905.89503
445,445,SEA-445,545,EPRO,,545,,DESC,DESC,0,0,17/01/2020,jsindustrial,{1EF03EC3-B574-47A6-A805-6B089E7A2692},18887883.75,40885.35659
